time,open,high,low,close,volume
1971-01-01 00:00:00,357.73,358.44,357.72,357.72,20
1971-02-01 00:00:00,357.67,357.67,357.49,357.56,18
1971-03-01 00:00:00,357.63,357.63,357.42,357.42,23
1971-04-01 00:00:00,357.49,357.62,357.4,357.4,22
1971-05-01 00:00:00,357.41,357.53,357.14,357.4,20
1971-06-01 00:00:00,357.46,357.46,357.37,357.4,22
1971-07-01 00:00:00,357.4,357.46,357.36,357.39,21
1971-08-01 00:00:00,357.41,357.41,339.85,339.85,11
1971-09-01 00:00:00,341.01,341.01,335.35,335.35,21
1971-10-01 00:00:00,333.39,333.39,329.0,329.5,19
1971-11-01 00:00:00,329.45,330.87,327.06,327.44,20
1971-12-01 00:00:00,327.6,327.6,314.96,315.01,22
1972-01-01 00:00:00,314.86,314.96,310.08,310.56,21
1972-02-01 00:00:00,310.37,310.37,302.11,303.4,20
1972-03-01 00:00:00,303.21,304.32,301.66,304.32,23
1972-04-01 00:00:00,304.14,305.16,302.11,304.88,20
1972-05-01 00:00:00,304.41,305.34,303.58,304.69,22
1972-06-01 00:00:00,304.41,304.69,294.12,300.93,22
1972-07-01 00:00:00,300.84,301.57,300.03,301.39,20
1972-08-01 00:00:00,301.2,301.2,300.93,301.11,23
1972-09-01 00:00:00,301.11,301.2,301.02,301.11,20
1972-10-01 00:00:00,301.11,301.2,300.48,301.11,20
1972-11-01 00:00:00,301.02,301.2,299.94,301.11,20
1972-12-01 00:00:00,301.11,302.02,301.07,301.66,20
1973-01-01 00:00:00,301.39,302.57,301.2,301.39,22
1973-02-01 00:00:00,300.93,300.93,263.02,265.67,18
1973-03-01 00:00:00,265.6,266.03,254.45,265.96,22
1973-04-01 00:00:00,266.03,266.03,264.55,265.53,21
1973-05-01 00:00:00,265.53,265.67,262.47,264.69,22
1973-06-01 00:00:00,264.06,265.18,262.88,263.16,21
1973-07-01 00:00:00,265.25,266.17,259.4,263.44,21
1973-08-01 00:00:00,263.44,265.6,263.44,265.39,23
1973-09-01 00:00:00,265.46,265.6,265.25,265.6,19
1973-10-01 00:00:00,265.6,266.95,265.6,266.95,21
1973-11-01 00:00:00,270.27,280.66,270.27,280.11,20
1973-12-01 00:00:00,280.11,280.66,280.03,280.27,20
1974-01-01 00:00:00,280.82,305.34,280.82,298.77,22
1974-02-01 00:00:00,298.86,298.86,280.58,288.43,18
1974-03-01 00:00:00,292.06,292.74,274.42,276.09,21
1974-04-01 00:00:00,280.11,280.11,275.48,279.64,22
1974-05-01 00:00:00,279.41,281.93,277.39,281.93,22
1974-06-01 00:00:00,283.69,284.25,281.85,284.25,20
1974-07-01 00:00:00,285.31,298.24,285.31,298.24,22
1974-08-01 00:00:00,299.58,303.86,299.58,302.94,22
1974-09-01 00:00:00,302.66,302.75,294.81,298.33,20
1974-10-01 00:00:00,298.15,300.12,297.97,299.94,22
1974-11-01 00:00:00,300.48,300.48,299.67,300.3,18
1974-12-01 00:00:00,300.39,301.2,299.76,301.02,21
1975-01-01 00:00:00,300.66,301.02,294.99,297.97,22
1975-02-01 00:00:00,297.44,297.44,285.63,286.45,18
1975-03-01 00:00:00,285.39,294.03,284.66,294.03,21
1975-04-01 00:00:00,290.87,294.55,290.87,292.23,22
1975-05-01 00:00:00,292.14,292.23,290.36,291.55,21
1975-06-01 00:00:00,291.46,297.0,291.04,295.68,21
1975-07-01 00:00:00,295.68,297.8,295.42,297.71,22
1975-08-01 00:00:00,297.89,298.15,297.62,297.97,21
1975-09-01 00:00:00,297.97,303.31,297.8,302.85,21
1975-10-01 00:00:00,302.57,303.12,301.11,301.75,22
1975-11-01 00:00:00,301.75,303.21,301.75,303.12,17
1975-12-01 00:00:00,304.41,306.84,304.41,305.16,22
1976-01-01 00:00:00,305.06,306.0,303.58,303.67,21
1976-02-01 00:00:00,303.21,303.21,300.12,302.11,18
1976-03-01 00:00:00,301.66,301.66,299.58,299.58,23
1976-04-01 00:00:00,299.49,300.03,297.44,299.04,22
1976-05-01 00:00:00,298.95,300.03,297.89,300.03,20
1976-06-01 00:00:00,300.39,300.48,296.03,297.97,22
1976-07-01 00:00:00,296.91,297.18,292.65,293.26,21
1976-08-01 00:00:00,292.91,293.0,287.85,289.35,22
1976-09-01 00:00:00,288.93,288.93,286.04,286.86,21
1976-10-01 00:00:00,287.11,294.38,287.11,294.38,20
1976-11-01 00:00:00,295.86,297.09,293.77,297.09,19
1976-12-01 00:00:00,296.91,297.89,292.14,293.08,23
1977-01-01 00:00:00,292.48,292.91,288.18,288.43,21
1977-02-01 00:00:00,288.02,288.35,281.69,282.81,19
1977-03-01 00:00:00,282.49,282.49,276.63,277.55,23
1977-04-01 00:00:00,276.17,278.78,270.71,277.78,21
1977-05-01 00:00:00,278.01,278.16,275.94,277.28,21
1977-06-01 00:00:00,277.32,277.32,267.45,267.59,22
1977-07-01 00:00:00,267.13,267.13,263.09,266.81,19
1977-08-01 00:00:00,267.13,267.92,265.53,267.5,23
1977-09-01 00:00:00,268.17,268.17,263.71,263.71,21
1977-10-01 00:00:00,260.72,261.1,249.13,249.13,20
1977-11-01 00:00:00,246.73,249.0,239.75,244.02,19
1977-12-01 00:00:00,243.07,243.07,237.81,239.98,21
1978-01-01 00:00:00,237.59,242.42,237.42,241.6,21
1978-02-01 00:00:00,241.6,241.84,238.1,238.1,18
1978-03-01 00:00:00,238.27,238.41,222.27,229.89,23
1978-04-01 00:00:00,218.34,228.1,218.34,224.97,20
1978-05-01 00:00:00,225.78,229.04,221.34,221.34,22
1978-06-01 00:00:00,221.51,221.51,203.71,203.71,22
1978-07-01 00:00:00,202.43,203.79,189.14,189.14,20
1978-08-01 00:00:00,186.57,193.35,183.76,190.51,23
1978-09-01 00:00:00,190.8,192.9,187.65,189.19,20
1978-10-01 00:00:00,188.85,188.85,177.05,179.5,21
1978-11-01 00:00:00,186.0,199.1,186.0,199.1,20
1978-12-01 00:00:00,201.7,201.7,193.05,194.3,20
1979-01-01 00:00:00,194.58,202.2,194.58,202.2,22
1979-02-01 00:00:00,202.75,202.75,196.0,202.65,18
1979-03-01 00:00:00,203.75,209.58,203.75,209.58,22
1979-04-01 00:00:00,211.65,221.8,211.65,221.8,21
1979-05-01 00:00:00,224.4,224.95,213.15,220.35,22
1979-06-01 00:00:00,221.28,221.28,213.24,217.8,21
1979-07-01 00:00:00,218.3,218.4,213.6,216.7,21
1979-08-01 00:00:00,216.05,221.93,215.9,220.4,23
1979-09-01 00:00:00,221.05,224.5,220.3,224.5,19
1979-10-01 00:00:00,225.25,238.1,223.4,237.85,22
1979-11-01 00:00:00,238.15,250.85,234.55,249.55,19
1979-12-01 00:00:00,248.89,248.89,232.65,240.3,20
1980-01-01 00:00:00,238.45,241.0,231.55,239.33,22
1980-02-01 00:00:00,240.45,251.65,240.09,251.65,19
1980-03-01 00:00:00,247.85,249.95,246.4,249.95,21
1980-04-01 00:00:00,254.65,261.4,239.3,239.35,22
1980-05-01 00:00:00,240.5,240.5,219.2,223.0,21
1980-06-01 00:00:00,223.55,223.55,215.75,219.9,21
1980-07-01 00:00:00,219.5,227.4,216.85,227.4,22
1980-08-01 00:00:00,227.0,227.0,218.0,219.1,21
1980-09-01 00:00:00,215.93,218.15,210.8,210.85,21
1980-10-01 00:00:00,208.5,213.75,206.5,211.05,22
1980-11-01 00:00:00,210.8,216.6,209.5,216.6,17
1980-12-01 00:00:00,217.85,217.85,203.1,203.1,22
1981-01-01 00:00:00,202.5,206.7,199.05,206.7,21
1981-02-01 00:00:00,203.15,209.7,202.9,209.7,18
1981-03-01 00:00:00,211.1,211.8,206.0,211.25,22
1981-04-01 00:00:00,212.4,218.35,212.1,215.78,22
1981-05-01 00:00:00,215.75,224.95,215.75,223.9,20
1981-06-01 00:00:00,222.5,228.1,219.7,226.85,22
1981-07-01 00:00:00,228.25,240.4,226.75,240.4,23
1981-08-01 00:00:00,245.4,246.1,227.25,230.5,21
1981-09-01 00:00:00,230.95,233.8,224.2,232.3,21
1981-10-01 00:00:00,233.1,236.15,226.55,232.8,21
1981-11-01 00:00:00,229.15,229.85,214.2,214.2,18
1981-12-01 00:00:00,216.4,222.8,214.7,219.8,22
1982-01-01 00:00:00,218.75,231.0,218.75,228.3,20
1982-02-01 00:00:00,232.6,240.65,232.1,237.25,18
1982-03-01 00:00:00,238.3,248.25,233.9,248.25,23
1982-04-01 00:00:00,246.2,248.75,235.85,235.85,22
1982-05-01 00:00:00,236.6,243.3,232.85,243.3,20
1982-06-01 00:00:00,244.3,258.95,243.2,255.0,22
1982-07-01 00:00:00,255.95,259.0,249.2,258.1,21
1982-08-01 00:00:00,256.6,264.05,251.0,261.1,22
1982-09-01 00:00:00,259.1,270.0,256.2,268.3,21
1982-10-01 00:00:00,268.9,277.45,262.6,277.1,20
1982-11-01 00:00:00,276.9,277.65,249.2,249.2,19
1982-12-01 00:00:00,248.6,248.6,232.8,234.7,23
1983-01-01 00:00:00,232.0,240.2,226.75,239.85,21
1983-02-01 00:00:00,239.4,242.2,232.6,237.85,19
1983-03-01 00:00:00,239.0,240.85,235.7,239.0,23
1983-04-01 00:00:00,239.6,239.6,236.25,238.3,21
1983-05-01 00:00:00,237.6,238.85,230.9,238.85,22
1983-06-01 00:00:00,239.85,243.05,237.3,239.28,22
1983-07-01 00:00:00,239.15,241.75,239.0,241.75,21
1983-08-01 00:00:00,243.7,247.05,242.9,246.45,23
1983-09-01 00:00:00,246.5,246.8,235.65,235.65,22
1983-10-01 00:00:00,234.15,234.3,230.85,234.05,21
1983-11-01 00:00:00,234.77,237.15,232.5,232.5,22
1983-12-01 00:00:00,232.53,236.9,231.7,231.7,22
1984-01-01 00:00:00,231.45,234.87,231.45,234.67,22
1984-02-01 00:00:00,234.25,234.6,232.7,233.43,21
1984-03-01 00:00:00,233.43,233.43,223.15,224.75,22
1984-04-01 00:00:00,224.65,227.0,222.7,227.0,21
1984-05-01 00:00:00,226.95,233.35,226.4,231.58,23
1984-06-01 00:00:00,230.15,238.0,229.7,237.3,21
1984-07-01 00:00:00,238.5,246.95,238.5,245.3,22
1984-08-01 00:00:00,245.75,245.75,240.6,241.9,23
1984-09-01 00:00:00,241.55,247.2,241.55,246.9,20
1984-10-01 00:00:00,246.4,249.1,244.05,245.7,23
1984-11-01 00:00:00,244.3,247.5,240.45,247.5,22
1984-12-01 00:00:00,248.2,251.6,246.45,251.6,21
1985-01-01 00:00:00,250.1,255.95,250.1,254.8,3843
1985-02-01 00:00:00,256.75,263.5,255.4,259.45,12170
1985-03-01 00:00:00,260.35,261.63,249.0,250.6,19131
1985-04-01 00:00:00,252.45,255.5,247.4,251.5,22
1985-05-01 00:00:00,252.75,254.55,249.6,251.2,683
1985-06-01 00:00:00,248.6,250.0,247.55,248.4,20
1985-07-01 00:00:00,247.95,248.35,236.45,236.45,1143
1985-08-01 00:00:00,237.65,239.0,235.85,239.0,22
1985-09-01 00:00:00,238.55,243.6,216.5,216.5,2861
1985-10-01 00:00:00,215.0,217.3,211.5,211.55,1393
1985-11-01 00:00:00,209.0,209.0,200.8,202.1,2101
1985-12-01 00:00:00,204.03,204.75,200.25,200.25,722
1986-01-01 00:00:00,200.05,202.7,192.3,192.3,2423
1986-02-01 00:00:00,191.55,192.05,179.4,180.55,960
1986-03-01 00:00:00,179.65,181.45,175.0,177.6,21
1986-04-01 00:00:00,178.15,182.85,167.15,167.6,22
1986-05-01 00:00:00,169.65,174.5,161.15,174.5,702
1986-06-01 00:00:00,174.9,174.9,163.8,163.8,21
1986-07-01 00:00:00,162.7,163.35,153.85,153.85,1263
1986-08-01 00:00:00,153.85,156.05,153.25,154.55,21
1986-09-01 00:00:00,153.35,156.4,152.0,154.35,1562
1986-10-01 00:00:00,154.15,163.4,153.81,163.4,1963
1986-11-01 00:00:00,164.0,164.5,160.62,162.05,2010
1986-12-01 00:00:00,162.25,163.95,158.3,158.3,763
1987-01-01 00:00:00,158.05,159.75,150.0,153.75,58212
1987-02-01 00:00:00,153.85,155.3,151.9,153.25,33520
1987-03-01 00:00:00,153.2,154.3,144.8,146.45,32072
1987-04-01 00:00:00,146.6,147.8,137.3,140.85,52522
1987-05-01 00:00:00,141.0,144.6,138.05,143.9,34771
1987-06-01 00:00:00,143.95,147.35,140.7,146.9,45272
1987-07-01 00:00:00,146.9,153.6,146.25,150.1,44223
1987-08-01 00:00:00,150.4,152.55,141.0,142.55,47371
1987-09-01 00:00:00,142.5,146.9,140.45,146.55,39922
1987-10-01 00:00:00,146.6,147.65,137.25,138.45,52572
1987-11-01 00:00:00,138.4,138.4,132.0,132.4,42811
1987-12-01 00:00:00,132.4,134.0,120.9,121.1,40693
1988-01-01 00:00:00,120.9,131.9,120.3,128.1,59820
1988-02-01 00:00:00,128.35,132.1,127.75,128.3,31621
1988-03-01 00:00:00,128.3,129.7,123.65,124.55,29923
1988-04-01 00:00:00,124.5,127.05,123.4,125.2,28671
1988-05-01 00:00:00,125.25,126.1,124.0,125.3,17322
1988-06-01 00:00:00,125.3,134.1,124.55,133.2,35122
1988-07-01 00:00:00,133.25,135.75,130.2,133.25,41321
1988-08-01 00:00:00,133.3,136.9,131.7,136.6,36623
1988-09-01 00:00:00,136.55,137.3,132.9,133.75,29772
1988-10-01 00:00:00,133.85,134.05,124.6,125.7,34271
1988-11-01 00:00:00,125.75,126.0,120.7,121.5,31972
1988-12-01 00:00:00,121.45,126.35,121.05,125.0,27822
1989-01-01 00:00:00,124.95,130.55,123.2,130.35,39122
1989-02-01 00:00:00,130.35,130.65,125.3,126.9,32020
1989-03-01 00:00:00,126.9,133.55,126.9,131.85,31923
1989-04-01 00:00:00,132.9,133.35,130.65,133.15,27470
1989-05-01 00:00:00,133.0,144.05,133.0,142.9,47123
1989-06-01 00:00:00,142.9,151.9,137.75,144.15,74322
1989-07-01 00:00:00,144.2,144.95,136.5,137.25,52071
1989-08-01 00:00:00,137.2,145.45,135.55,145.0,47073
1989-09-01 00:00:00,145.0,149.0,138.9,139.15,52921
1989-10-01 00:00:00,139.0,145.15,138.6,142.85,57172
1989-11-01 00:00:00,142.85,144.9,142.0,142.85,33872
1989-12-01 00:00:00,142.85,144.8,141.8,143.95,24571
1990-01-01 00:00:00,143.89,146.9,142.6,144.5,43973
1990-02-01 00:00:00,144.5,149.65,143.45,149.1,30270
1990-03-01 00:00:00,149.05,159.35,148.55,158.6,46722
1990-04-01 00:00:00,158.75,160.4,155.6,158.95,49271
1990-05-01 00:00:00,158.95,159.2,148.9,152.2,46523
1990-06-01 00:00:00,152.2,155.8,150.8,152.2,32471
1990-07-01 00:00:00,152.2,152.25,145.8,145.8,46522
1990-08-01 00:00:00,145.8,151.65,142.8,143.85,60973
1990-09-01 00:00:00,143.8,144.25,135.25,138.55,47370
1990-10-01 00:00:00,138.5,138.5,123.75,130.05,64923
1990-11-01 00:00:00,130.05,134.65,126.35,132.55,49772
1990-12-01 00:00:00,132.4,137.1,130.1,135.45,49121
1991-01-01 00:00:00,135.13,137.89,130.8,131.4,58983
1991-02-01 00:00:00,131.3,133.6,127.29,132.94,31960
1991-03-01 00:00:00,133.01,141.55,133.01,140.65,49531
1991-04-01 00:00:00,140.64,140.9,134.03,136.2,47092
1991-05-01 00:00:00,136.25,139.64,136.2,138.4,33293
1991-06-01 00:00:00,138.5,142.1,137.45,137.49,27750
1991-07-01 00:00:00,138.56,139.72,136.09,137.4,31153
1991-08-01 00:00:00,137.19,139.39,135.35,137.95,31552
1991-09-01 00:00:00,136.89,136.89,132.55,133.1,23071
1991-10-01 00:00:00,133.08,133.54,128.7,130.9,32223
1991-11-01 00:00:00,130.82,131.3,127.66,129.95,28281
1991-12-01 00:00:00,129.8,130.19,124.79,124.84,28262
1992-01-01 00:00:00,124.78,129.29,122.69,125.75,50353
1992-02-01 00:00:00,125.64,130.0,124.7,129.45,30390
1992-03-01 00:00:00,129.53,134.75,129.45,132.7,36862
1992-04-01 00:00:00,132.72,134.95,131.8,133.1,29472
1992-05-01 00:00:00,133.17,133.63,127.55,127.6,27261
1992-06-01 00:00:00,127.33,128.24,124.63,125.6,29702
1992-07-01 00:00:00,125.6,128.37,123.55,127.1,34853
1992-08-01 00:00:00,127.19,128.17,122.7,123.14,20171
1992-09-01 00:00:00,123.1,125.62,118.65,119.8,37002
1992-10-01 00:00:00,119.8,123.7,118.88,123.33,38802
1992-11-01 00:00:00,123.35,125.06,121.88,124.6,23271
1992-12-01 00:00:00,124.65,125.15,122.6,124.8,21423
1993-01-01 00:00:00,124.83,126.21,122.98,124.63,20851
1993-02-01 00:00:00,124.6,125.45,115.94,118.1,35740
1993-03-01 00:00:00,118.76,119.1,114.64,114.76,37933
1993-04-01 00:00:00,114.76,115.2,109.28,111.0,38242
1993-05-01 00:00:00,110.9,112.4,106.78,107.05,34141
1993-06-01 00:00:00,107.4,111.95,104.75,107.2,52242
1993-07-01 00:00:00,107.1,110.45,104.2,104.9,58352
1993-08-01 00:00:00,104.55,106.8,100.25,104.77,47722
1993-09-01 00:00:00,104.72,107.61,103.33,106.15,44842
1993-10-01 00:00:00,106.04,109.05,104.7,108.62,31081
1993-11-01 00:00:00,108.57,109.65,105.49,109.08,33892
1993-12-01 00:00:00,109.05,112.19,107.3,111.85,31503
1994-01-01 00:00:00,111.73,113.65,108.15,108.5,40831
1994-02-01 00:00:00,108.0,109.63,101.1,104.6,49810
1994-03-01 00:00:00,104.55,106.75,102.05,102.75,42103
1994-04-01 00:00:00,102.7,105.95,100.58,101.7,41031
1994-05-01 00:00:00,101.85,105.2,100.7,104.75,34972
1994-06-01 00:00:00,104.7,105.64,98.3,98.44,36992
1994-07-01 00:00:00,98.55,100.68,96.5,100.15,43011
1994-08-01 00:00:00,98.7,101.85,97.5,100.2,39003
1994-09-01 00:00:00,100.14,100.48,97.5,99.37,29832
1994-10-01 00:00:00,98.85,100.85,96.35,96.98,33541
1994-11-01 00:00:00,96.85,99.26,96.05,98.91,28202
1994-12-01 00:00:00,98.85,100.83,98.6,99.77,24712
1995-01-01 00:00:00,99.6,101.54,97.97,99.6,32502
1995-02-01 00:00:00,99.43,100.01,96.3,96.69,27580
1995-03-01 00:00:00,96.66,97.03,86.1,86.6,63063
1995-04-01 00:00:00,86.5,87.33,79.75,84.3,59160
1995-05-01 00:00:00,84.21,87.9,81.77,84.57,51243
1995-06-01 00:00:00,84.65,86.15,83.35,84.65,37542
1995-07-01 00:00:00,84.68,89.3,84.45,88.49,33871
1995-08-01 00:00:00,88.43,99.45,87.75,97.48,54783
1995-09-01 00:00:00,97.44,104.8,96.77,99.75,59491
1995-10-01 00:00:00,99.85,102.52,99.2,101.93,40482
1995-11-01 00:00:00,101.86,104.2,99.75,102.05,42432
1995-12-01 00:00:00,102.02,103.6,100.5,103.54,26311
1996-01-01 00:00:00,103.41,107.58,103.07,106.95,35362
1996-02-01 00:00:00,106.94,107.5,103.3,105.17,40991
1996-03-01 00:00:00,105.13,107.34,104.84,107.34,26131
1996-04-01 00:00:00,107.33,109.07,103.75,105.17,33512
1996-05-01 00:00:00,105.02,109.02,104.16,108.12,31313
1996-06-01 00:00:00,108.05,110.05,107.35,109.75,29320
1996-07-01 00:00:00,109.7,111.25,106.28,106.85,35213
1996-08-01 00:00:00,106.81,109.0,106.35,108.92,25442
1996-09-01 00:00:00,108.92,111.75,108.57,111.37,23781
1996-10-01 00:00:00,111.34,114.95,110.76,114.05,29733
1996-11-01 00:00:00,114.07,114.75,110.55,113.97,35191
1996-12-01 00:00:00,113.77,116.5,111.73,115.9,33122
1997-01-01 00:00:00,116.02,122.9,114.85,121.37,46312
1997-02-01 00:00:00,121.24,124.92,119.9,120.43,46050
1997-03-01 00:00:00,120.25,124.59,119.95,123.95,38521
1997-04-01 00:00:00,123.83,127.22,121.35,127.1,36622
1997-05-01 00:00:00,127.07,127.55,111.88,116.24,62182
1997-06-01 00:00:00,116.07,117.0,110.51,114.67,46281
1997-07-01 00:00:00,114.65,119.05,111.9,118.62,43953
1997-08-01 00:00:00,118.55,121.29,114.25,120.89,49151
1997-09-01 00:00:00,121.15,123.13,118.16,120.4,50902
1997-10-01 00:00:00,120.35,122.69,118.65,120.42,43223
1997-11-01 00:00:00,120.32,128.1,119.85,127.9,47120
1997-12-01 00:00:00,127.79,131.66,125.7,130.6,56213
1998-01-01 00:00:00,130.49,134.45,124.3,127.1,6289
1998-02-01 00:00:00,126.35,129.05,122.35,126.15,4836
1998-03-01 00:00:00,126.0,133.8,124.72,133.12,5363
1998-04-01 00:00:00,133.1,135.52,127.55,132.88,118515
1998-05-01 00:00:00,132.85,139.3,131.25,138.85,144161
1998-06-01 00:00:00,138.7,146.83,133.65,138.87,253961
1998-07-01 00:00:00,138.92,144.93,137.43,144.54,212986
1998-08-01 00:00:00,144.85,147.71,139.0,139.13,207567
1998-09-01 00:00:00,139.16,139.95,129.1,136.49,269746
1998-10-01 00:00:00,136.49,136.93,111.65,115.8,317500
1998-11-01 00:00:00,115.32,124.15,114.4,122.96,237329
1998-12-01 00:00:00,122.9,123.25,113.15,113.7,290193
1999-01-01 00:00:00,113.47,116.83,108.22,116.33,144972
1999-02-01 00:00:00,115.93,122.52,111.34,119.21,144475
1999-03-01 00:00:00,119.27,123.75,116.89,118.83,152058
1999-04-01 00:00:00,118.84,122.0,117.42,119.47,118319
1999-05-01 00:00:00,119.45,124.82,119.42,121.65,124092
1999-06-01 00:00:00,121.6,122.6,117.64,121.17,144863
1999-07-01 00:00:00,121.2,122.86,114.14,114.57,132747
1999-08-01 00:00:00,114.86,116.35,109.02,109.75,141328
1999-09-01 00:00:00,109.76,111.42,103.19,106.36,159102
1999-10-01 00:00:00,106.37,108.02,103.67,104.02,134045
1999-11-01 00:00:00,104.17,106.65,101.26,101.55,140676
1999-12-01 00:00:00,102.16,103.8,101.3,102.5,117668
2000-01-01 00:00:00,102.5,107.54,101.39,107.36,122503
2000-02-01 00:00:00,107.36,111.73,107.03,110.26,133200
2000-03-01 00:00:00,110.24,110.35,102.03,102.83,154695
2000-04-01 00:00:00,102.75,108.31,102.62,108.09,126359
2000-05-01 00:00:00,107.78,110.08,106.05,107.65,159085
2000-06-01 00:00:00,107.63,109.06,103.9,106.1,156095
2000-07-01 00:00:00,106.12,109.82,105.27,109.42,151670
2000-08-01 00:00:00,109.33,109.79,105.92,106.67,157625
2000-09-01 00:00:00,106.66,108.52,104.77,108.08,145698
2000-10-01 00:00:00,108.16,109.61,107.32,109.11,163250
2000-11-01 00:00:00,109.11,111.54,106.8,110.37,175907
2000-12-01 00:00:00,110.38,115.11,110.13,114.37,173918
2001-01-01 00:00:00,114.41,119.89,113.54,116.49,202486
2001-02-01 00:00:00,116.52,117.98,114.33,117.38,184737
2001-03-01 00:00:00,117.34,126.37,117.01,126.28,230255
2001-04-01 00:00:00,126.39,126.86,120.89,123.55,203884
2001-05-01 00:00:00,123.52,124.08,118.52,119.27,227107
2001-06-01 00:00:00,119.21,125.03,118.31,124.61,196617
2001-07-01 00:00:00,124.76,126.16,122.7,125.04,207624
2001-08-01 00:00:00,125.07,125.25,118.52,118.8,236107
2001-09-01 00:00:00,118.8,122.1,115.79,119.53,215521
2001-10-01 00:00:00,119.47,123.39,119.32,122.45,216137
2001-11-01 00:00:00,122.46,124.6,119.69,123.49,198896
2001-12-01 00:00:00,123.46,132.08,123.26,131.63,211772
2002-01-01 00:00:00,131.62,135.19,130.37,134.56,214127
2002-02-01 00:00:00,134.63,135.06,131.85,133.34,177487
2002-03-01 00:00:00,133.35,133.88,126.38,132.73,204641
2002-04-01 00:00:00,132.97,133.85,127.65,128.58,194424
2002-05-01 00:00:00,128.57,129.1,122.8,124.24,212109
2002-06-01 00:00:00,124.24,125.98,118.36,119.59,181249
2002-07-01 00:00:00,119.73,120.79,115.48,119.88,214995
2002-08-01 00:00:00,119.91,121.36,116.29,118.43,205643
2002-09-01 00:00:00,118.5,124.23,116.83,121.69,217343
2002-10-01 00:00:00,121.67,125.69,121.62,122.55,215027
2002-11-01 00:00:00,122.58,123.21,119.08,122.5,191510
2002-12-01 00:00:00,123.37,125.79,118.3,118.78,196636
2003-01-01 00:00:00,118.79,120.63,117.42,119.94,212836
2003-02-01 00:00:00,119.91,121.78,116.8,118.14,195113
2003-03-01 00:00:00,118.15,121.92,116.35,118.0,205405
2003-04-01 00:00:00,117.99,121.17,117.62,118.97,209530
2003-05-01 00:00:00,119.01,119.67,115.07,119.35,233617
2003-06-01 00:00:00,119.61,120.26,117.14,119.77,228857
2003-07-01 00:00:00,119.8,120.67,116.65,120.56,251905
2003-08-01 00:00:00,120.56,120.74,116.14,116.92,236566
2003-09-01 00:00:00,116.78,117.75,110.1,111.51,238229
2003-10-01 00:00:00,111.52,111.63,107.81,109.96,243461
2003-11-01 00:00:00,109.97,111.52,107.53,109.65,208621
2003-12-01 00:00:00,109.79,110.05,106.72,107.28,221658
2004-01-01 00:00:00,107.24,108.3,105.46,105.78,214088
2004-02-01 00:00:00,105.74,109.86,105.15,109.35,201751
2004-03-01 00:00:00,109.07,112.36,103.4,104.3,236510
2004-04-01 00:00:00,104.29,111.07,103.48,110.53,238814
2004-05-01 00:00:00,110.46,114.94,108.31,109.48,275028
2004-06-01 00:00:00,109.53,112.04,107.0,108.74,274809
2004-07-01 00:00:00,108.73,112.46,107.56,111.33,264098
2004-08-01 00:00:00,111.08,112.07,108.72,109.13,225259
2004-09-01 00:00:00,109.14,111.7,108.94,110.03,161736
2004-10-01 00:00:00,110.04,111.44,105.74,105.76,162944
2004-11-01 00:00:00,105.8,107.27,102.13,103.04,185170
2004-12-01 00:00:00,103.05,106.17,101.81,102.47,214911
2005-01-01 00:00:00,102.64,105.2,101.67,103.69,186168
2005-02-01 00:00:00,103.7,106.88,103.35,104.65,169725
2005-03-01 00:00:00,104.61,107.71,103.65,107.22,192430
2005-04-01 00:00:00,107.21,108.91,104.61,104.68,199235
2005-05-01 00:00:00,105.06,108.61,104.2,108.59,227678
2005-06-01 00:00:00,108.56,111.02,106.5,110.93,256779
2005-07-01 00:00:00,110.93,113.73,109.86,112.74,245735
2005-08-01 00:00:00,112.65,112.78,109.02,110.6,259740
2005-09-01 00:00:00,110.61,113.72,108.76,113.49,243738
2005-10-01 00:00:00,113.48,116.49,113.01,116.4,210409
2005-11-01 00:00:00,116.41,119.96,116.37,119.82,194542
2005-12-01 00:00:00,119.82,121.42,115.51,117.69,197577
2006-01-01 00:00:00,117.89,118.07,113.41,117.18,198490
2006-02-01 00:00:00,117.19,119.42,115.66,115.74,182669
2006-03-01 00:00:00,115.74,119.21,115.45,117.71,227711
2006-04-01 00:00:00,117.72,118.92,113.65,113.83,198267
2006-05-01 00:00:00,113.67,114.21,108.97,112.64,233025
2006-06-01 00:00:00,112.64,116.72,111.32,114.44,213001
2006-07-01 00:00:00,114.43,117.89,113.44,114.67,201769
2006-08-01 00:00:00,114.68,117.51,113.97,117.41,221014
2006-09-01 00:00:00,117.39,118.31,115.57,118.17,213826
2006-10-01 00:00:00,118.09,119.87,116.61,116.96,171575
2006-11-01 00:00:00,116.95,118.58,115.37,115.79,163792
2006-12-01 00:00:00,115.8,119.23,114.41,119.06,153914
2007-01-01 00:00:00,118.98,122.17,117.97,120.67,167464
2007-02-01 00:00:00,120.66,122.05,117.47,118.53,144109
2007-03-01 00:00:00,118.52,118.84,115.13,117.82,226702
2007-04-01 00:00:00,117.5,119.87,117.46,119.51,145323
2007-05-01 00:00:00,119.52,121.98,119.06,121.71,153713
2007-06-01 00:00:00,121.72,124.13,120.76,123.16,148769
2007-07-01 00:00:00,123.05,123.66,117.97,118.56,200283
2007-08-01 00:00:00,118.55,119.8,111.59,115.75,397154
2007-09-01 00:00:00,115.74,116.46,112.58,114.78,245730
2007-10-01 00:00:00,114.71,117.93,113.23,115.2,225426
2007-11-01 00:00:00,115.21,115.91,107.21,111.2,300771
2007-12-01 00:00:00,110.96,114.7,109.55,111.71,159015
2008-01-01 00:00:00,111.69,111.91,104.97,106.44,324219
2008-02-01 00:00:00,106.42,108.59,103.67,103.71,231212
2008-03-01 00:00:00,103.28,104.17,95.77,99.68,356316
2008-04-01 00:00:00,99.69,104.88,99.59,103.91,380605
2008-05-01 00:00:00,103.89,105.87,102.58,105.5,324590
2008-06-01 00:00:00,105.28,108.58,103.87,106.21,324172
2008-07-01 00:00:00,106.2,108.37,103.76,107.91,294210
2008-08-01 00:00:00,107.92,110.66,107.28,108.79,246790
2008-09-01 00:00:00,108.33,109.18,103.49,106.11,507229
2008-10-01 00:00:00,106.13,106.53,90.92,98.46,798644
2008-11-01 00:00:00,98.23,100.54,93.55,95.52,619017
2008-12-01 00:00:00,95.54,95.55,87.13,90.86,280801
2009-01-01 00:00:00,91.17,94.61,87.12,89.9,330298
2009-02-01 00:00:00,89.68,98.7,88.58,97.565,535799
2009-03-01 00:00:00,97.647,99.667,93.533,98.961,845130
2009-04-01 00:00:00,98.949,101.43,95.614,98.614,798737
2009-05-01 00:00:00,98.616,99.717,93.85,95.3,984545
2009-06-01 00:00:00,95.28,98.87,94.44,96.345,1023960
2009-07-01 00:00:00,96.344,96.967,91.74,94.67,356468
2009-08-01 00:00:00,94.93,97.79,92.55,93.11,211062
2009-09-01 00:00:00,93.13,93.41,88.24,89.7,420556
2009-10-01 00:00:00,89.69,92.32,88.0,90.081,221102
2009-11-01 00:00:00,89.663,91.263,84.819,86.381,965542
2009-12-01 00:00:00,86.379,93.129,86.156,93.129,862072
2010-01-01 00:00:00,92.918,93.748,89.132,90.255,888938
2010-02-01 00:00:00,90.205,92.141,88.572,88.956,808553
2010-03-01 00:00:00,88.931,93.626,88.136,93.453,731813
2010-04-01 00:00:00,93.456,94.683,91.595,93.838,776266
2010-05-01 00:00:00,93.932,94.978,88.254,91.263,1107752
2010-06-01 00:00:00,91.264,92.877,88.279,88.418,996606
2010-07-01 00:00:00,88.421,89.145,85.98,86.458,840798
2010-08-01 00:00:00,86.41,86.871,83.619,84.179,698424
2010-09-01 00:00:00,84.177,85.922,82.869,83.512,663998
2010-10-01 00:00:00,83.513,83.972,80.376,80.389,722303
2010-11-01 00:00:00,80.357,84.398,80.295,83.665,1199493
2010-12-01 00:00:00,83.673,84.494,80.934,81.135,1304243
2011-01-01 00:00:00,81.129,83.674,81.071,82.031,1256651
2011-02-01 00:00:00,82.03,83.964,81.129,81.77,1096218
2011-03-01 00:00:00,81.771,83.287,76.404,83.119,1518750
2011-04-01 00:00:00,83.119,85.514,81.032,81.181,1124809
2011-05-01 00:00:00,81.099,82.229,79.582,81.514,973827
2011-06-01 00:00:00,81.509,81.55,79.694,80.556,1113108
2011-07-01 00:00:00,80.553,81.467,76.722,76.768,904457
2011-08-01 00:00:00,77.391,80.228,75.957,76.662,1378565
2011-09-01 00:00:00,76.662,77.849,76.094,76.989,1213386
2011-10-01 00:00:00,77.095,79.523,75.57,78.161,1086947
2011-11-01 00:00:00,78.161,78.963,76.561,77.604,1028616
2011-12-01 00:00:00,77.584,78.211,76.856,76.885,771966
2012-01-01 00:00:00,77.09,78.277,76.151,76.258,834726
2012-02-01 00:00:00,76.257,81.575,76.018,81.139,1026665
2012-03-01 00:00:00,81.138,84.167,80.578,82.848,1234450
2012-04-01 00:00:00,82.954,83.292,79.731,79.813,1115726
2012-05-01 00:00:00,79.812,80.607,78.206,78.304,1161311
2012-06-01 00:00:00,78.302,80.615,77.657,79.785,1301552
2012-07-01 00:00:00,79.905,80.09,77.944,78.111,1017397
2012-08-01 00:00:00,78.111,79.65,77.917,78.371,948424
2012-09-01 00:00:00,78.37,79.209,77.135,77.942,890187
2012-10-01 00:00:00,77.96,80.371,77.78,79.795,794625
2012-11-01 00:00:00,79.797,82.831,79.07,82.467,1580080
2012-12-01 00:00:00,82.4,86.68,81.711,86.61,1444868
2013-01-01 00:00:00,86.658,91.757,86.535,91.702,2266397
2013-02-01 00:00:00,91.702,94.431,90.929,92.546,2182437
2013-03-01 00:00:00,92.551,96.707,92.438,94.15,911304
2013-04-01 00:00:00,94.252,99.944,92.568,97.427,1155798
2013-05-01 00:00:00,97.441,103.733,97.022,100.433,1205761
2013-06-01 00:00:00,100.544,100.721,93.788,99.121,1584572
2013-07-01 00:00:00,99.659,101.531,97.584,97.864,1165633
2013-08-01 00:00:00,97.858,99.948,95.809,98.116,1118559
2013-09-01 00:00:00,98.321,100.608,97.499,98.205,847002
2013-10-01 00:00:00,98.213,99.003,96.567,98.362,838521
2013-11-01 00:00:00,98.376,102.612,97.633,102.405,657819
2013-12-01 00:00:00,102.499,105.412,101.624,105.252,679014
2014-01-01 00:00:00,105.237,105.44,101.842,101.95,856584
2014-02-01 00:00:00,101.932,102.827,100.755,101.779,726888
2014-03-01 00:00:00,101.48,103.759,101.199,103.222,1078244
2014-04-01 00:00:00,103.221,104.127,101.324,102.231,886161
2014-05-01 00:00:00,102.231,103.018,100.821,101.746,722603
2014-06-01 00:00:00,101.811,102.794,101.233,101.319,678759
2014-07-01 00:00:00,101.325,103.079,101.065,102.672,855572
2014-08-01 00:00:00,102.777,104.268,101.505,104.084,741252
2014-09-01 00:00:00,104.144,109.849,104.096,109.649,1128168
2014-10-01 00:00:00,109.619,112.469,105.197,112.315,1668133
2014-11-01 00:00:00,112.939,118.974,112.567,118.584,1666341
2014-12-01 00:00:00,118.741,121.843,115.564,119.836,1819592
2015-01-01 00:00:00,120.401,120.741,115.85,117.47,2422508
2015-02-01 00:00:00,116.93,120.471,116.872,119.622,1326898
2015-03-01 00:00:00,119.698,122.021,118.324,119.929,1451068
2015-04-01 00:00:00,119.931,120.841,118.492,119.381,1434497
2015-05-01 00:00:00,119.383,124.448,118.886,124.112,1294706
2015-06-01 00:00:00,124.096,125.853,121.935,122.386,2463657
2015-07-01 00:00:00,122.387,124.577,120.408,123.927,2795175
2015-08-01 00:00:00,123.924,125.276,116.131,121.218,3071853
2015-09-01 00:00:00,121.217,121.326,118.591,119.95,3834605
2015-10-01 00:00:00,119.949,121.485,118.058,120.603,3014290
2015-11-01 00:00:00,120.385,123.751,120.252,123.095,2472464
2015-12-01 00:00:00,123.096,123.667,119.999,120.207,2614821
2016-01-01 00:00:00,120.196,121.686,115.97,121.119,3718872
2016-02-01 00:00:00,121.314,121.482,110.979,112.722,4192574
2016-03-01 00:00:00,112.722,114.55,110.664,112.539,3111270
2016-04-01 00:00:00,112.542,112.599,106.274,106.334,2989953
2016-05-01 00:00:00,106.223,111.445,105.545,110.711,2777091
2016-06-01 00:00:00,110.711,110.827,98.935,103.279,3743127
2016-07-01 00:00:00,103.281,107.488,99.988,102.04,3350239
2016-08-01 00:00:00,102.212,103.528,99.536,103.45,2771788
2016-09-01 00:00:00,103.45,104.316,100.081,101.403,3005675
2016-10-01 00:00:00,101.403,105.528,101.125,104.812,2610809
2016-11-01 00:00:00,104.813,114.534,101.186,114.413,4136083
2016-12-01 00:00:00,114.412,118.659,112.859,116.814,3142647
2017-01-01 00:00:00,116.78,118.602,112.076,112.887,4073618
2017-02-01 00:00:00,112.89,114.953,111.588,112.304,3033414
2017-03-01 00:00:00,112.304,115.5,110.106,111.318,3410393
2017-04-01 00:00:00,111.32,111.774,108.129,111.528,2742988
2017-05-01 00:00:00,111.207,114.365,110.231,110.743,2809089
2017-06-01 00:00:00,110.743,112.922,108.805,112.459,2231696
2017-07-01 00:00:00,112.456,114.49,110.21,110.231,2373961
2017-08-01 00:00:00,110.232,111.046,108.267,109.933,3227408
2017-09-01 00:00:00,109.934,113.257,107.317,112.461,4451860
2017-10-01 00:00:00,112.625,114.452,111.652,113.638,3411628
2017-11-01 00:00:00,113.626,114.733,110.842,112.553,3741294
2017-12-01 00:00:00,112.522,113.751,111.405,112.625,3106454
2018-01-01 00:00:00,112.578,113.387,108.282,109.168,4032982
2018-02-01 00:00:00,109.163,110.484,105.546,106.7,5310905
2018-03-01 00:00:00,106.698,107.294,104.631,106.27,4766827
2018-04-01 00:00:00,106.17,109.539,105.658,109.325,3698115
2018-05-01 00:00:00,109.335,111.396,108.113,108.809,3822187
2018-06-01 00:00:00,108.804,110.944,108.722,110.701,3537979
2018-07-01 00:00:00,110.577,113.178,110.278,111.867,2901431
2018-08-01 00:00:00,111.816,112.151,109.774,111.105,2431978
2018-09-01 00:00:00,111.05,113.711,110.38,113.69,1772511
2018-10-01 00:00:00,113.71,114.55,111.377,112.983,3873154
2018-11-01 00:00:00,112.932,114.207,112.305,113.542,2903555
2018-12-01 00:00:00,113.631,113.822,109.559,109.601,3250832
2019-01-01 00:00:00,109.663,110.0,104.694,108.858,3270105
2019-02-01 00:00:00,108.847,111.494,108.725,111.384,2726326
2019-03-01 00:00:00,111.383,112.138,109.71,110.822,2265326
2019-04-01 00:00:00,110.998,112.4,110.808,111.432,1587173
2019-05-01 00:00:00,111.407,111.706,108.279,108.314,2372593
2019-06-01 00:00:00,108.277,108.8,106.78,107.927,1878983
2019-07-01 00:00:00,108.177,108.997,107.212,108.757,1892200
2019-08-01 00:00:00,108.746,109.318,104.45,106.26,6107154
2019-09-01 00:00:00,106.06,108.476,105.738,108.068,3319014
2019-10-01 00:00:00,108.081,109.287,106.484,108.025,2686256
2019-11-01 00:00:00,108.028,109.67,107.888,109.456,1762281
2019-12-01 00:00:00,109.515,109.727,108.428,108.627,1619100
2020-01-01 00:00:00,108.731,110.289,107.651,108.352,2109891
2020-02-01 00:00:00,108.461,112.227,107.51,108.063,2975071
2020-03-01 00:00:00,107.406,111.715,101.18,107.563,11750287
2020-04-01 00:00:00,107.524,109.381,106.358,107.168,3245814
2020-05-01 00:00:00,107.144,108.088,105.987,107.789,1911415
2020-06-01 00:00:00,107.656,109.85,106.073,107.928,2404542
2020-07-01 00:00:00,107.92,108.164,104.188,105.93,1692725
2020-08-01 00:00:00,105.769,107.05,105.103,105.904,2192587
2020-09-01 00:00:00,105.898,106.552,104.001,105.438,1702181
2020-10-01 00:00:00,105.524,106.108,104.025,104.67,1686609
2020-11-01 00:00:00,104.446,105.677,103.176,104.311,2293848
2020-12-01 00:00:00,104.284,104.752,102.873,103.302,1778556
2021-01-01 00:00:00,103.095,104.94,102.592,104.726,1965349
2021-02-01 00:00:00,104.768,106.692,104.409,106.546,1555101
2021-03-01 00:00:00,106.503,110.966,106.366,110.716,1729880
2021-04-01 00:00:00,110.695,110.847,107.478,109.33,1069400
2021-05-01 00:00:00,109.269,110.199,108.338,109.554,1004217
2021-06-01 00:00:00,109.554,111.121,109.191,111.104,834443
2021-07-01 00:00:00,111.099,111.659,109.064,109.66,935575
2021-08-01 00:00:00,109.681,110.801,108.723,109.995,820646
2021-09-01 00:00:00,109.998,112.079,109.113,111.278,992976
2021-10-01 00:00:00,111.274,114.7,110.823,113.958,1270807
2021-11-01 00:00:00,114.045,115.52,112.533,113.14,1457199
2021-12-01 00:00:00,113.142,115.217,112.56,115.092,1253817
2022-01-01 00:00:00,115.043,116.351,113.471,115.133,1283045
2022-02-01 00:00:00,115.128,116.338,114.154,114.973,1577520
2022-03-01 00:00:00,114.994,125.1,114.65,121.693,1917905
2022-04-01 00:00:00,121.609,131.254,121.609,129.867,2169334
2022-05-01 00:00:00,129.723,131.348,126.362,128.703,2520315
2022-06-01 00:00:00,128.632,137.001,128.632,135.71,3031351
2022-07-01 00:00:00,135.696,139.389,132.504,133.226,2718741
2022-08-01 00:00:00,133.25,139.079,130.403,138.954,2560740
2022-09-01 00:00:00,138.948,145.902,138.84,144.798,3108416
2022-10-01 00:00:00,144.663,151.943,143.525,148.747,2364028
2022-11-01 00:00:00,148.671,148.824,137.497,138.094,2711652
2022-12-01 00:00:00,137.997,138.177,130.568,130.977,2478755
2023-01-01 00:00:00,130.783,134.774,127.221,130.101,2634755
2023-02-01 00:00:00,130.054,136.918,128.083,136.235,2228503
2023-03-01 00:00:00,136.09,137.913,129.639,132.817,3005622
2023-04-01 00:00:00,133.335,136.561,130.601,136.278,1675350
2023-05-01 00:00:00,136.142,140.932,133.5,139.34,2337881
2023-06-01 00:00:00,139.321,145.074,138.433,144.298,2155745
2023-07-01 00:00:00,144.301,144.913,137.24,142.266,2141053
2023-08-01 00:00:00,142.242,147.377,141.511,145.531,1959038
2023-09-01 00:00:00,145.401,149.709,144.442,149.356,1610375
2023-10-01 00:00:00,149.58,151.714,147.251,151.683,1880531
2023-11-01 00:00:00,151.531,151.908,146.67,148.216,2197435
2023-12-01 00:00:00,148.141,148.347,140.251,141.048,3223661
2024-01-01 00:00:00,140.834,148.805,140.809,146.965,3428098
2024-02-01 00:00:00,146.847,150.885,145.896,150.0,2929101
2024-03-01 00:00:00,149.914,151.971,146.481,151.315,1871760
2024-04-01 00:00:00,151.206,160.215,150.811,157.811,1861372
2024-05-01 00:00:00,157.759,157.987,151.861,157.265,2344018
2024-06-01 00:00:00,157.098,161.278,154.535,160.888,2204793
2024-07-01 00:00:00,160.683,161.95,149.608,149.969,2631903
2024-08-01 00:00:00,149.952,150.889,141.681,146.202,2506069
2024-09-01 00:00:00,146.03,147.21,139.576,143.621,2842992
2024-10-01 00:00:00,143.612,153.881,142.969,152.03,2980946
2024-11-01 00:00:00,151.985,156.748,149.463,149.673,2666679
2024-12-01 00:00:00,149.614,158.085,148.643,157.297,2014406
2025-01-01 00:00:00,157.153,158.879,153.713,155.187,2887665
2025-02-01 00:00:00,154.759,155.884,148.559,150.575,4253174
2025-03-01 00:00:00,150.696,151.304,146.541,149.959,5071462
2025-04-01 00:00:00,149.924,150.487,139.885,143.054,6767726
2025-05-01 00:00:00,142.96,148.653,142.104,144.048,4133187
2025-06-01 00:00:00,143.814,148.033,142.376,144.021,3774111
2025-07-01 00:00:00,143.98,150.84,142.684,150.76,3909833
2025-08-01 00:00:00,150.712,150.921,146.213,147.036,3962111
2025-09-01 00:00:00,147.042,149.957,145.475,147.93,4223934
2025-10-01 00:00:00,147.93,154.447,146.586,154.056,5131667
2025-11-01 00:00:00,153.971,157.893,152.817,156.159,4378869
2025-12-01 00:00:00,156.058,157.765,154.338,156.717,4404657
2026-01-01 00:00:00,156.666,159.455,152.09,154.768,4546155
2026-02-01 00:00:00,154.909,157.659,152.267,156.127,4243093
2026-03-01 00:00:00,155.956,160.462,155.95,158.717,4588168
2026-04-01 00:00:00,158.747,160.726,155.558,156.618,2324669
2026-05-01 00:00:00,156.499,159.654,155.028,159.261,2398021
2026-06-01 00:00:00,159.337,161.947,159.302,161.604,2187312
